title,year,certificate,duration,genre,rating,description,stars,votes,type
Elesin Oba: The King's Horseman,2022,Unknown,96 min,"Adventure, Drama, History",9.4,"Inspired by true life events, in the Oyo Empire in the 1940's, Elesin Oba, the king's chief horseman, succumbs to the lure of beauty and sexual desire on the very evening he is set to die ...                See full summary »","['Biyi Bandele', '| ', '    Stars:', 'Odunlade Adekola, ', 'Shaffy Bello, ', 'Olawale-Brymo Olofooro, ', 'Deyemi Okanlawon']",72,Movie
Vagabond,2019,Unknown,Unknown,"Action, Mystery, Thriller",9.3,The plan to get Woo Gi safely to the courthouse takes an unanticipated turn and throws the Blue House into panic mode.,"['Yu In-sik', '| ', '    Stars:', 'Lee Seung-gi, ', 'Bae Suzy, ', 'Seong-rok Sin, ', 'Moon Jeong-Hee']",187,Movie
Hans Zimmer Live in Prague,2017,Unknown,150 min,"Documentary, Music",9.1,The renowned film score composer leads a concert featuring his cinematic compositions.,"['Tim Van Someren', '| ', '    Stars:', 'Hans Zimmer, ', 'Yolanda Charles, ', 'Michael Einziger, ', 'Nick Glennie-Smith']",2710,Movie
"#ABtalks",2018,Unknown,Unknown,Unknown,9.1,"#ABtalks is an interview show hosted by Anas Bukhash, showcasing the 'raw' side of celebrities, athletes, entrepreneurs, and influencers as human beings.","['Karen Wazen, ', 'Deema Al Asadi, ', 'Hala Abdallah, ', 'Mina Al Sheikhly']",15,Movie
"#HappyBirthdaySense8",2017,Unknown,15 min,Short,9.0,Add a Plot,"['Josh Oreck', '| ', '    Stars:', 'Freema Agyeman, ', 'Jamie Clayton, ', 'Tina Desai, ', 'Bae Doona']",844,Movie
Surau dan Silek,2017,Unknown,90 min,"Comedy, Drama, Family",9.0,An eleven-year-old boy discovers the true meaning of silek (a martial art) when he meets a 60-year-old retired university teacher and former silek warrior that he is resolved to put an end to his feud with his competitors.,"['Arief Malinmudo', '| ', '    Stars:', 'Randu Arini, ', 'Barry F. Cheln, ', 'Gilang Dirga, ', 'Dewi Irawan']",71,Movie
The Sense8 Experience,2017,Unknown,4 min,Short,8.9,Add a Plot,"['Josh Oreck', '| ', '    Stars:', 'Aml Ameen, ', 'Jamie Clayton, ', 'Tina Desai, ', 'Bae Doona']",800,Movie
The Umbilical Brothers: The Rehearsal,2014,Unknown,92 min,Comedy,8.9,"The outrageous comedy duo uses elements of multimedia, mime and audience participation in a show that takes viewers inside their creative process.","['David Collins, ', 'Shane Dundas, ', 'Jim Hare', '| ', '    Stars:', 'David Collins, ', 'Shane Dundas, ', 'Paul Michael Ayre, ', 'Stephen Whitehead']",15,Movie
Chief of Staff,2019,Unknown,Unknown,Drama,8.9,"Han Do Kyung joins the staff as a new intern. Tae Joon makes a controversial proposal for the upcoming government audit, which has everyone on edge.","['Jung Hwan Kwak', '| ', '    Stars:', 'Lee Jung-jae, ', 'Shin Min-a, ', 'Elliya Lee, ', 'Dong-jun Kim']",15,Movie
Chen qing ling,2019,Unknown,50 min,"Action, Adventure, Drama",8.8,Two talented disciples of respectable magical clans unit during the cultivation training and through many hardships they are together.,"['Zhan Xiao, ', 'Yibo Wang, ', 'Zhuocheng Wang, ', 'Lu Xuan']",6380,Movie
Vagabond,2019,Unknown,Unknown,"Action, Mystery, Thriller",8.8,The NIS takes Dal Geon to a safe house. Tae Woong questions Oh Sang Mi about her husband's involvement in the plane crash but is ordered to release her.,"['Yu In-sik', '| ', '    Stars:', 'Lee Seung-gi, ', 'Bae Suzy, ', 'Seong-rok Sin, ', 'Moon Jeong-Hee']",156,Movie
Vagabond,2019,Unknown,Unknown,"Action, Mystery, Thriller",8.8,Dal Geon runs into trouble while trying to carry out his own search. Tae Woong is displeased that the operation in Morocco doesn't go as planned.,"['Yu In-sik', '| ', '    Stars:', 'Lee Seung-gi, ', 'Bae Suzy, ', 'Seong-rok Sin, ', 'Moon Jeong-Hee']",141,Movie
Vagabond,2019,Unknown,Unknown,"Action, Mystery, Thriller",8.8,"After running from the embassy, Dal Geon and the others head back to Korea another way. Min Jae Shik confronts Kang Joo Cheol.","['Yu In-sik', '| ', '    Stars:', 'Lee Seung-gi, ', 'Bae Suzy, ', 'Seong-rok Sin, ', 'Moon Jeong-Hee']",139,Movie
Hotel Del Luna,2019,Unknown,82 min,"Action, Comedy, Drama",8.8,Choi Seo Hee prepares to move on to the next life. The killer ghost terrorizes Chan Seong's friends. Man Wol witnesses a startling relationship.,"['Choong Hwan Oh', '| ', '    Stars:', 'Ji-eun Lee, ', 'Yeo Jin-gu, ', 'Shin Jeong-geun, ', 'Bae Hae-sun']",127,Movie
Hotel Del Luna,2019,Unknown,83 min,"Action, Comedy, Drama",8.8,"As the hotel and its staff wait for Man Wol, Ma Go Shin sends Chan Seong through time to collect an ingredient to brew a powerful drink.","['Choong Hwan Oh', '| ', '    Stars:', 'Ji-eun Lee, ', 'Yeo Jin-gu, ', 'Shin Jeong-geun, ', 'Bae Hae-sun']",100,Movie
A Love to Last,2017,Unknown,Unknown,"Drama, Family, Music",8.8,"The story follows two different people, Andeng (Bea Alonzo) and Anton (Ian Veneracion), who will prove whether or not two broken hearts can make their love last.","['Bea Alonzo, ', 'Ian Veneracion, ', 'Iza Calzado, ', 'Julia Barretto']",38,Movie
Chief of Staff,2019,Unknown,Unknown,Drama,8.8,Add a Plot,"['Jung Hwan Kwak', '| ', '    Stars:', 'Lee Jung-jae, ', 'Shin Min-a, ', 'Elliya Lee, ', 'Dong-jun Kim']",12,Movie
Greatest Events of WWII in Colour,2019,Unknown,50 min,"Documentary, History, War",8.7,A series of colorized archive footage of important events during World War II.,"['Derek Jacobi, ', 'Geoffrey Wawro, ', 'James Holland, ', 'Saul David']",8906,Movie
Flower of Evil,2020,Unknown,70 min,"Crime, Mystery, Romance",8.7,"\"Flower of Evil\" is a suspense melodrama about a man who hides his cruel past and changes his identity, while his detective wife tracks down his past.","['Lee Joon-Gi, ', 'Moon Chae-Won, ', 'Seo Hyun-woo, ', 'Choi Dae-hoon']",7700,Movie
Dave Chappelle,2017,Unknown,66 min,"Documentary, Comedy",8.7,"Comedian Dave Chappelle makes his triumphant return to the screen with a pair of blistering, never-before-aired specials from his personal vault.",['Dave Chappelle'],2851,Movie
Vagabond,2019,Unknown,Unknown,"Action, Mystery, Thriller",8.7,"Dal Geon and the agents try to keep Kim Woo Gi alive, and request NIS backup. Jessica moves to pin the plane crash on someone else.","['Yu In-sik', '| ', '    Stars:', 'Lee Seung-gi, ', 'Bae Suzy, ', 'Seong-rok Sin, ', 'Moon Jeong-Hee']",131,Movie
Vagabond,2019,Unknown,Unknown,"Action, Mystery, Thriller",8.7,"Sang Mi leaves behind a warning about a shady figure named Samael, putting everything Dal Geon thought he knew about the crash into question","['Yu In-sik', '| ', '    Stars:', 'Lee Seung-gi, ', 'Bae Suzy, ', 'Seong-rok Sin, ', 'Moon Jeong-Hee']",128,Movie
Hotel Del Luna,2019,Unknown,79 min,"Action, Comedy, Drama",8.7,"With a lunar eclipse approaching, Man Wol fulfills a flood of special requests, including one from a former hotel manager.","['Choong Hwan Oh', '| ', '    Stars:', 'Ji-eun Lee, ', 'Yeo Jin-gu, ', 'Shin Jeong-geun, ', 'Bae Hae-sun']",111,Movie
Chief of Staff,2019,Unknown,Unknown,Drama,8.7,Add a Plot,"['Jung Hwan Kwak', '| ', '    Stars:', 'Lee Jung-jae, ', 'Shin Min-a, ', 'Elliya Lee, ', 'Dong-jun Kim']",11,Movie
Untitled Kanye West Documentary,2022,Not Rated,93 min,"Documentary, Music",8.6,"Kanye hustles to establish his voice at the label. When a car crash and broken jaw threaten it all, the unstoppable artist turns pain into platinum.","['Coodie, ', 'Chike Ozah', '| ', '    Stars:', 'Ye, ', 'Kevin Bacon, ', 'Yasiin Bey, ', 'Big V']",1041,Movie
Lastman,2016,Unknown,Unknown,"Animation, Action, Adventure",8.6,"In the corrupted city of Paxtown, boxer Richard Aldana becomes the protector of Siri, a young orphaned wanted by mysterious and monstrous superhumans.","['Tyler Bunch, ', 'Coryn Williams, ', 'Martial Le Minoux, ', 'Maëlys Ricordeau']",985,Movie
Vagabond,2019,Unknown,Unknown,"Action, Mystery, Thriller",8.6,"Dal Geon gets a call from someone out of the blue and is approached by a journalist, who claims to be pursuing a story about the plane crash.","['Yu In-sik', '| ', '    Stars:', 'Lee Seung-gi, ', 'Bae Suzy, ', 'Seong-rok Sin, ', 'Moon Jeong-Hee']",158,Movie
Vagabond,2019,Unknown,Unknown,"Action, Mystery, Thriller",8.6,Dal Geon attempts to alert the press about what he knows but someone interferes. Hae Ri contacts Ki Tae Woong to get answers about the flash drive.,"['Yu In-sik', '| ', '    Stars:', 'Lee Seung-gi, ', 'Bae Suzy, ', 'Seong-rok Sin, ', 'Moon Jeong-Hee']",145,Movie
In Our Mothers' Gardens,2021,Unknown,Unknown,Documentary,8.6,"In Our Mothers' Gardens celebrates the strength and resiliency of Black women and Black families through the complex, and often times humorous, relationship between mothers and daughters.","['Shantrelle P. Lewis', '| ', '    Stars:', 'Tarana Burke, ', 'Tina Farris, ', 'Shantrelle P. Lewis, ', 'Yolanda Sangeweni']",141,Movie
Vagabond,2019,Unknown,Unknown,"Action, Mystery, Thriller",8.6,Dal Geon and Hae Ri make contact with Jae Shik. Jessica and Yoon Han Gi see a big win at the National Assembly. Tae Woong undergoes scrutiny.,"['Yu In-sik', '| ', '    Stars:', 'Lee Seung-gi, ', 'Bae Suzy, ', 'Seong-rok Sin, ', 'Moon Jeong-Hee']",135,Movie
Hotel Del Luna,2019,Unknown,94 min,"Action, Comedy, Drama",8.6,"One by one, the hotel's staff leave. After realizing they met in a past life, Man Wol and Chan Seong make peace with saying goodbye.","['Choong Hwan Oh', '| ', '    Stars:', 'Ji-eun Lee, ', 'Yeo Jin-gu, ', 'Shin Jeong-geun, ', 'Bae Hae-sun']",127,Movie
Vagabond,2019,Unknown,Unknown,"Action, Mystery, Thriller",8.6,Dal Geon's explosive on-air accusation toward the president sparks a media storm. Jessica's press conference goes south quick.,"['Yu In-sik', '| ', '    Stars:', 'Lee Seung-gi, ', 'Bae Suzy, ', 'Seong-rok Sin, ', 'Moon Jeong-Hee']",122,Movie
Ella Brennan: Commanding the Table,2016,Unknown,96 min,Documentary,8.6,"Today, the world knows restaurateur Ella Brennan as the matriarch of a Creole-flavored dining dynasty dating back over half a century. She has become a household name in the restaurant ...                See full summary »","['Leslie Iwerks', '| ', '    Stars:', 'Meg Bickford, ', 'Marcelle Bienvenu, ', 'Daniel Boulud, ', 'Gene Bourg']",66,Movie
U-Prince: The Playful Comm-Arts,2016,Unknown,Unknown,Romance,8.6,"Sung dreams of making Kiran, from the comm-arts department, her boyfriend. Until one day, Sung was hit by a tricycle and made a promise with the god of death. The god of death sent her back...                See full summary »","['Korawit Boonsri, ', 'Nawat Phumphothingam, ', 'Sananthachat Thanapatpisal']",24,Movie
La Grande Chaumière Violette,2016,Unknown,Unknown,"Drama, History",8.6,"San Francisco, 1980. As 72-year-old Guo Xue Hu reminisces about his hometown, Dadaocheng, a young man walks towards him from afar. It is Xing Xiong, Yi An's son. He has brought a letter ...                See full summary »","['Eli Shih, ', 'Chia-Yen Ko, ', 'Chiung-Hsuan Hsieh, ', 'Bryant Lee']",16,Movie
Chief of Staff,2019,Unknown,Unknown,Drama,8.6,Add a Plot,"['Jung Hwan Kwak', '| ', '    Stars:', 'Lee Jung-jae, ', 'Shin Min-a, ', 'Elliya Lee, ', 'Dong-jun Kim']",11,Movie
Signal,2016,Unknown,80 min,"Crime, Drama, Fantasy",8.5,Detectives from the present and a detective from the past communicate via walkie-talkie to solve a long-time unsolved case.,"['Lee Jehoon, ', 'Kim Hye-su, ', 'Cho Jin-woong, ', 'Kim Won-Hae']",7068,Movie
Norm Macdonald Has a Show,2018,Unknown,30 min,"Comedy, Talk-Show",8.5,"Based on his podcast, comedian and former Saturday Night Live (1975) alumni Norm Macdonald and his sidekick Adam Eget sit down and chat with celebrity guests about their life, career and views in a somewhat unconventional and often irreverent way.","['Norm MacDonald, ', 'Adam Eget, ', 'Michael Keaton, ', 'Drew Barrymore']",3643,Movie
Be Here Now,2015,Unknown,100 min,"Documentary, Biography, Drama",8.5,"As though life is imitating art, actor and sex-symbol, Andy Whitfield, had just become a star as the lead in the hit television series,'Spartacus,' when he is faced with his biggest ...                See full summary »","['Lilibet Foster', '| ', '    Stars:', 'Jai Courtney, ', 'Andy Whitfield, ', 'Indigo Whitfield, ', 'Jesse Whitfield']",3417,Movie
Bill Hicks: Revelations,1993,Not Rated,57 min,"Documentary, Comedy",8.5,"Bill Hicks in the height of his genius. Recorded at the Dominion Theatre in London, Hicks opens our eyes and minds to the hypocrisy and ludicrousness of the world around us.","['Chris Bould', '| ', '    Star:', 'Bill Hicks']",3109,Movie
Sense8: Creating the World,2015,Unknown,26 min,"Documentary, Short, Sci-Fi",8.5,"Go behind the scenes and around the world with the \"Sense8\" cast and crew in this in-depth look at how the hit series is made.","['Josh Oreck, ', 'Lana Wachowski', '| ', '    Stars:', 'Freema Agyeman, ', 'Aml Ameen, ', 'Naveen Andrews, ', 'Crispin Buxton']",2690,Movie
Bill Hicks: Relentless,1992,Not Rated,61 min,"Documentary, Comedy",8.5,"Bill Hicks tells us how he feels about non-smokers, blow-jobs, religion, war and peace, drugs and music.","['Chris Bould', '| ', '    Star:', 'Bill Hicks']",2555,Movie
Misaeng,2014,Unknown,60 min,Drama,8.5,"This a Drama series about a group of co-workers in their twenties who started their job at a big multinational company. This is a story about their everyday life, about their journey each day at the office.","['Si-wan Yim, ', 'Lee Sung-min, ', 'Kang So-ra, ', 'Kang Ha-neul']",2050,Movie
Ngeri-Ngeri Sedap,2022,Unknown,114 min,"Comedy, Drama",8.5,Parents from the Batak tribe pretend to fight so that their children come home from overseas.,"['Bene Dion Rajagukguk', '| ', '    Stars:', 'Arswendy Bening Swara, ', 'Tika Panggabean, ', 'Boris Bokir, ', 'Ghita Bhebhita']",778,Movie
Vagabond,2019,Unknown,Unknown,"Action, Mystery, Thriller",8.5,Cha Dal Geon encourages his nephew to go to Morocco with the taekwondo demonstration group. Go Hae Ri walks in late to a meeting at the Korean embassy.,"['Yu In-sik', '| ', '    Stars:', 'Lee Seung-gi, ', 'Bae Suzy, ', 'Moon Jeong-Hee, ', 'Woo-Jin Moon']",232,Movie
Vagabond,2019,Unknown,Unknown,"Action, Mystery, Thriller",8.5,Dal Geon sees someone who's supposed to be dead. Hae Ri and Tae Woong head to Morocco to capture their suspect. The NIS takes Jessica Lee into custody.,"['Yu In-sik', '| ', '    Stars:', 'Lee Seung-gi, ', 'Bae Suzy, ', 'Seong-rok Sin, ', 'Moon Jeong-Hee']",140,Movie
Moving Art: Underwater,2015,Unknown,26 min,"Documentary, Short",8.5,"The wonder, mystery and majesty of the ocean's creatures. An underwater, cinematic odyssey of the depts.",['Howard Hall'],129,Movie
Hotel Del Luna,2019,Unknown,80 min,"Action, Comedy, Drama",8.5,"Man Wol is shaken by the appearance of Chan Seong's ex-girlfriend, who brings up her most painful memories.","['Choong Hwan Oh', '| ', '    Stars:', 'Ji-eun Lee, ', 'Yeo Jin-gu, ', 'Shin Jeong-geun, ', 'Bae Hae-sun']",113,Movie
Hotel Del Luna,2019,Unknown,78 min,"Action, Comedy, Drama",8.5,"While Chan Seong tries to get his job back, Man Wol grows annoyed when she learns he's being set up with a chaebol guest's granddaughter.","['Choong Hwan Oh', '| ', '    Stars:', 'Ji-eun Lee, ', 'Yeo Jin-gu, ', 'Shin Jeong-geun, ', 'Bae Hae-sun']",111,Movie
Hotel Del Luna,2019,Unknown,87 min,"Action, Comedy, Drama",8.5,Chan Seong confronts the killer. Yoo Na visits her own memorial with Hyun Joong. Ma Go Shin and the Grim Reaper observe a curiosity in Man Wol's tree.,"['Choong Hwan Oh', '| ', '    Stars:', 'Ji-eun Lee, ', 'Yeo Jin-gu, ', 'Shin Jeong-geun, ', 'Bae Hae-sun']",110,Movie
Chief of Staff,2019,Unknown,Unknown,Drama,8.5,Add a Plot,"['Jung Hwan Kwak', '| ', '    Stars:', 'Lee Jung-jae, ', 'Shin Min-a, ', 'Elliya Lee, ', 'Dong-jun Kim']",11,Movie
Chief of Staff,2019,Unknown,Unknown,Drama,8.5,Add a Plot,"['Jung Hwan Kwak', '| ', '    Stars:', 'Lee Jung-jae, ', 'Shin Min-a, ', 'Elliya Lee, ', 'Dong-jun Kim']",10,Movie
Mandela,2021,Unknown,140 min,"Comedy, Drama",8.4,A local barber's fate turns overnight when he becomes the single deciding vote in the village elections.,"['Madonne Ashwin', '| ', '    Stars:', 'Yogi Babu, ', 'Sheela Rajkumar, ', 'Sangili Murugan, ', 'Mukesh']",7055,Movie
Tim Minchin and the Heritage Orchestra,2011,Not Rated,153 min,Comedy,8.4,"Tim Minchin and The Heritage Orchestra was filmed at the Royal Albert Hall in April 2011. Tim's joined on stage by the awesome 55-piece Heritage Orchestra, led by Jules Buckley and by Pete Clements on bass and Brad Webb on drums.","['Matt Askem', '| ', '    Stars:', 'Tim Minchin, ', 'Jules Buckley, ', 'Pete Clements, ', 'Brad Webb']",387,Movie
Once Again,2020,Unknown,35 min,"Comedy, Drama, Romance",8.4,"\"Once Again\" is a story about love and family based on the Song Family, who never have a peaceful day.","['Lee Min-Jung, ', 'Ho-jin Chun, ', 'Hwa-yeon Cha, ', 'Lee Sang-Yeob']",338,Movie
Monty Don's Italian Gardens,2011,Unknown,59 min,Documentary,8.4,"Monty Don, a Gardening expert, visits gardens in various areas of Italy.",['Monty Don'],264,Movie
Vagabond,2019,Unknown,Unknown,"Action, Mystery, Thriller",8.4,"Cha Dal Geon makes a disquieting announcement to the other bereaving families and implores Go Hae Ri for help, but she seems to be hiding something.","['Yu In-sik', '| ', '    Stars:', 'Lee Seung-gi, ', 'Bae Suzy, ', 'Moon Jeong-Hee, ', 'Lee Kyung-young']",184,Movie
Vagabond,2019,Unknown,Unknown,"Action, Mystery, Thriller",8.4,Hae Ri remains skeptical about the flight-deck voice recording but is told that the evidence points to a faulty aircraft. Dal Geon is ambushed.,"['Yu In-sik', '| ', '    Stars:', 'Lee Seung-gi, ', 'Bae Suzy, ', 'Seong-rok Sin, ', 'Moon Jeong-Hee']",167,Movie
Moving Art: Deserts,2014,Not Rated,25 min,"Documentary, Short",8.4,"Filmmaker Louie Schwartzberg takes viewers to the scenic Four Corners region of America, where the night stars shine as brightly as the day's sun.",['Louie Schwartzberg'],158,Movie
Hotel Del Luna,2019,Unknown,73 min,"Action, Comedy, Drama",8.4,"Ma Go Shin hands something unexpected to Chan Seong, who's been abandoned by Man Wol and the hotel. Yoo Na and Hyun Joong spot a ghost in need.","['Choong Hwan Oh', '| ', '    Stars:', 'Ji-eun Lee, ', 'Yeo Jin-gu, ', 'Shin Jeong-geun, ', 'Bae Hae-sun']",106,Movie
Beyblade Burst Surge,2021,Unknown,Unknown,"Animation, Action, Adventure",8.4,Add a Plot,"['Ryan Bartley, ', 'Jalen K. Cassell, ', 'Amber Connor, ', 'Jade Dennis']",38,Movie
Titoudao,2020,Unknown,60 min,Drama,8.4,"Inspired by the true story of a wayang star, poor girl chases after the big stage in a tale influenced by the true story of a wayang star.","['Yeet Koe, ', 'Constance Lau, ', 'Daniel Gan, ', 'Sasidaran']",26,Movie
Project Mc2 New Years Eve Countdown 2016,2016,Unknown,Unknown,Family,8.4,Add a Plot,"['Mika Abdalla, ', 'Victoria Vida, ', 'Genneya Walton, ', 'Melissa Mabie']",24,Movie
Chief of Staff,2019,Unknown,Unknown,Drama,8.4,Add a Plot,"['Jung Hwan Kwak', '| ', '    Stars:', 'Lee Jung-jae, ', 'Shin Min-a, ', 'Elliya Lee, ', 'Dong-jun Kim']",10,Movie
Moving Art: Whales and Dolphins,2017,Unknown,Unknown,Documentary,8.4,Add a Plot,['Howard Hall'],8,Movie
While You Were Sleeping,2017,Unknown,30 min,"Comedy, Drama, Fantasy",8.3,"The drama is about a woman, Nam Hong Joo, who can see accidents that take place in the future through her dreams. And a prosecutor, Jung Jae Chan, who struggles to stop the woman's dreams from coming true.","['Bae Suzy, ', 'Lee Jong-Suk, ', 'Jung Hae-In, ', 'Lee Sang-Yeob']",7318,Movie
Violet Evergarden: The Movie,2020,Unknown,140 min,"Animation, Drama, Fantasy",8.3,"After the aftermath of a war, a young girl who was used as a 'tool' for war learned to live. With the scars of burns, she goes back to her past to feel the true feelings of the Major's, \"I love you.\"","['Taichi Ishidate', '| ', '    Stars:', 'Yui Ishikawa, ', 'Daisuke Namikawa, ', 'Takehito Koyasu, ', 'Hidenobu Kiuchi']",6641,Movie
Tales of the City,1993,Unrated,360 min,"Drama, Mystery, Romance",8.3,The stories of several colorful characters living in San Francisco.,"['Olympia Dukakis, ', 'Donald Moffat, ', 'Chloe Webb, ', 'Laura Linney']",4085,Movie
November 13: Attack on Paris,2018,Unknown,55 min,Documentary,8.3,"Documentary chronicling the terrorist attacks in Paris on November 13, 2015.","['François Hollande, ', 'Anne Hidalgo, ', 'Line, ', 'Bley Bilal Mokono']",3239,Movie
Tunnel,2017,Unknown,60 min,"Crime, Drama, Fantasy",8.3,A detective follows the trail of a serial killer 30 years into the future and teams up with detectives in that time period to find the culprit.,"['Choi Jin-Hyuk, ', 'Hyun-min Yoon, ', 'Hie-bong Jo, ', 'Min-Sang Kim']",2940,Movie
Bill Hicks: Sane Man,1989,Not Rated,81 min,"Documentary, Comedy",8.3,"Comedian Bill Hicks performs a live stand-up show in Austin, Texas.","['Kevin Booth, ', 'David Johndrow', '| ', '    Star:', 'Bill Hicks']",2382,Movie
Alma Matters - Inside the IIT Dream,2021,Unknown,150 min,Documentary,8.3,"In a \"nation of middle-class\" the IIT dream involves clearing the world's toughest public exam for guaranteed lifelong success. Life is not an exam though. It's a hustle, one that nobody trains them for. The result? Eternal tumult.","['Adarsh Upadhyay, ', 'Lokesh Deshmukh, ', 'Kevin Banker, ', 'Shubham Agarwal']",2370,Movie
Ashes of Love,2018,Unknown,45 min,"Comedy, Fantasy, Romance",8.3,"Flower Goddess dies giving birth to her daughter, Jin Mi. She was imprisoned within Shui Jing until Xu Feng, heavenly emperor's second sun enters it mistakenly. After living together for 100years he falls in love with that ignorant Jin Mi.","['Zi Yang, ', 'Allen Deng, ', 'Yunxi Luo, ', 'Yuqi Chen']",2076,Movie
Terra,2015,Unknown,98 min,Documentary,8.3,A visually stunning documentary that reflects human's relationship to other species on Earth as humanity becomes more and more isolated from Nature.,"['Yann Arthus-Bertrand, ', 'Michael Pitiot', '| ', '    Star:', 'Vanessa Paradis']",1924,Movie
Chicago Typewriter,2017,Unknown,70 min,"Drama, Fantasy, Romance",8.3,"Writers that lived under Japanese rule in the 1930s are reincarnated into a bestselling writer who is in a slump, a mysterious ghostwriter, and a devoted fan of the bestselling writer.","['Yoo Ah-in, ', 'Lim Soo-jung, ', 'Go Kyung-Pyo, ', 'Si-Yang Kwak']",1796,Movie
Nazi Concentration Camps,1945,Not Rated,59 min,"Documentary, History",8.3,Produced and presented as evidence at the Nuremberg war crimes trial of Hermann Göring and twenty other Nazi leaders.,"['George Stevens', '| ', '    Stars:', 'Dwight D. Eisenhower, ', 'Omar N. Bradley, ', 'George S. Patton, ', 'Hayden Sears']",1481,Movie
Live,2018,Unknown,60 min,"Comedy, Crime, Drama",8.3,"The drama revolves around the incidents that occur among the police force and the joy, sorrow, and pain that police officers experience as they try to protect justice.","['Jung Yu-mi, ', 'Kwang-Soo Lee, ', 'Sung-Woo Bae, ', 'Chong-ok Bae']",1323,Movie
Colombia magia salvaje,2015,Unknown,94 min,Documentary,8.3,"A wonderful country full of amazing creatures in America called Colombia , seen as never before, accompanied by incredible shots , make it a must-see place for adventurers and wildlife lovers this natural paradise.","['Mike Slee', '| ', '    Star:', 'Julio Sanchéz Cristo']",1304,Movie
My Name Is Barbra,1965,Unknown,60 min,"Family, Music",8.3,"Barbra Streisand's first television special, featuring a medley of her hit songs, such as \"People,\" \"Happy Days Are Here Again\" and \"My Man.\"","['Dwight Hemion, ', 'Joe Layton', '| ', '    Star:', 'Barbra Streisand']",364,Movie
Empresses in the Palace,2015,Unknown,90 min,"Drama, History, Romance",8.3,Six episode cut version of the China's royal harem story Empresses in the Palace (2011).,"['Li Sun, ', 'Kang Luo, ', 'Qian Sun, ', 'Lyric Lan']",357,Movie
Escape from the Spirit World,2007,Unknown,13 min,Short,8.3,This video short follows Aang as he wanders the spirit world looking for his past lives while he was unconscious from when he was electrocuted by Azula (in between seasons 2 and 3). He ...                See full summary »,"['Zach Tyler Eisen, ', 'Mae Whitman, ', 'Jack De Sena, ', 'Michaela Jill Murphy']",282,Movie
"You Can Do It, My Dear!",2022,Unknown,129 min,Documentary,8.3,"Throughout his impressive acting career, Haldun Dormen inspired and encouraged his theater students to work hard and follow their dreams.","['Selçuk Metin', '| ', '    Stars:', 'Haldun Dormen, ', 'Demet Evgar, ', 'Memet Ali Alabora, ', 'Mustafa Alabora']",265,Movie
Moving Art: Flowers,2014,Not Rated,25 min,"Documentary, Short",8.3,"Celebrated filmmaker Louie Schwartzberg takes viewers on an enchanting journey, unveiling the mysteries and wonders of the natural world as elegant flowers come to life through his stunning time-lapse cinematography.",['Louie Schwartzberg'],211,Movie
Moving Art: Forests,2014,Not Rated,25 min,"Documentary, Short",8.3,Viewers will marvel at the majesty of nature's gentle giants as filmmaker Louie Schwartzberg journeys to the Redwood Coast and Olympic National Park.,['Louie Schwartzberg'],203,Movie
All Quiet on the Western Front,2022,R,147 min,"Action, Drama, War",8.3,A young German soldier's terrifying experiences and distress on the western front during World War I.,"['Edward Berger', '| ', '    Stars:', 'Daniel Brühl, ', 'Albrecht Schuch, ', 'Sebastian Hülk, ', 'Anton von Lucke']",199,Movie
Vagabond,2019,Unknown,Unknown,"Action, Mystery, Thriller",8.3,"When Oh Sang Mi disappears, Dal Geon and Hae Ri realize there's more to the situation. Meanwhile, Prime Minister Hong takes advantage of the crisis.","['Yu In-sik', '| ', '    Stars:', 'Lee Seung-gi, ', 'Bae Suzy, ', 'Seong-rok Sin, ', 'Moon Jeong-Hee']",119,Movie
Moving Art: Waterfalls,2015,Unknown,25 min,"Documentary, Short",8.3,This collection of short nature films from Louie Schwartzberg depicts the world's most dazzlingly beautiful waterfalls.,['Louie Schwartzberg'],96,Movie
Hikaru Utada: Laughter in the Dark Tour 2018,2019,Unknown,141 min,Music,8.3,"If there was anyone you could call a true queen of J-pop, it's most definitely Utada Hikaru. She's one of the best selling artists in Japan of all time, with her debut album hitting almost ...                See full summary »",['Hikaru Utada'],93,Movie
Rimba Racer,2017,Unknown,22 min,"Animation, Action, Adventure",8.3,"RIMBA Racer is an action-packed animation series revolving around Tag, a talented rookie racer and newcomer to the prestigious RIMBA Grand Prix, a racing competition full of tough rivals, dangerous challenges and hidden agendas.","['Steven Tan, ', 'Iain McNally, ', 'Tikriti Shabudin, ', 'Azman Zulkiply']",77,Movie
Voltron 84,2017,Unknown,Unknown,"Animation, Action, Sci-Fi",8.3,Add a Plot,"['Jeffrey Michael Adams, ', 'Steve Ahn, ', 'Christine Bian, ', 'Kimberly Brooks']",60,Movie
Fuller House Featurette,2016,Unknown,Unknown,Short,8.3,Add a Plot,['Twain Taylor'],24,Movie
Gekijouban Shimajirou no wao!: Shimajirou to kujira no uta,2014,Unknown,Unknown,"Animation, Adventure, Family",8.3,"Shimajiro and his friends discover an injured whale and Gaogao helps it out, they later go underwater to find the whale mother and the fish in the ocean and encounters a giant crab.","['Hiroshi Kawamata, ', 'Young Kyun Park, ', 'Isamu Hirabayashi', '| ', '    Stars:', 'Omi Minami, ', 'Miki Takahashi, ', 'Takumi Yamazaki, ', 'Saori Sugimoto']",22,Movie
Chief of Staff,2019,Unknown,Unknown,Drama,8.3,Add a Plot,"['Jung Hwan Kwak', '| ', '    Stars:', 'Lee Jung-jae, ', 'Shin Min-a, ', 'Elliya Lee, ', 'Dong-jun Kim']",11,Movie
Kiss the Ground,2020,Unknown,84 min,Documentary,8.2,"A revolutionary group of activists, scientists, farmers, and politicians band together in a global movement of \"Regenerative Agriculture\" that could balance our climate, replenish our vast water supplies, and feed the world.","['Joshua Tickell, ', 'Rebecca Harrell Tickell', '| ', '    Stars:', 'Woody Harrelson, ', 'Ray Archuleta, ', 'John Wick, ', 'Kristin Ohlson']",6883,Movie
The 1st Shop of Coffee Prince,2007,Unknown,55 min,"Comedy, Drama, Romance",8.2,"A tomboy, mistaken for a lad, maintains the deception for the sake of employment. The situation becomes complicated when her male boss begins to develop feelings for this \"boy.\"","['Gong Yoo, ', 'Yun Eun-hye, ', 'Lee Sun-kyun, ', 'Jeong-an Chae']",5541,Movie
Cuba and the Cameraman,2017,Unknown,113 min,Documentary,8.2,"Life in Cuba for three struggling families over the course of 45 years, from the cautious optimism of the early 1970s to the harrowing 1990s after the fall of the Soviet Union and the 2016 death of Fidel Castro.",['Jon Alpert'],4943,Movie
The Crash Reel,2013,Unknown,108 min,"Documentary, Biography, Sport",8.2,"Fifteen years of verite footage show the epic rivalry between half-pipe legends Shaun White and Kevin Pearce, childhood friends who become number one and two in the world leading up to the ...                See full summary »","['Lucy Walker', '| ', '    Stars:', 'Kevin Pearce, ', 'Shaun White, ', 'Mason Aguirre, ', 'Daniel Amen']",4890,Movie
46 Yok Olan,2016,Unknown,60 min,"Action, Crime, Drama",8.2,A genetic professor wants to save his sister from a long-time coma by using a medicine he has just discovered. But this discovery changes his life in an unexpected way.,"['Erdal Besikçioglu, ', 'Yasemin Kay Allen, ', 'Melis Birkan, ', 'Saygin Soysal']",4365,Movie
A Man Called Ahok,2018,Unknown,102 min,"Biography, Drama",8.2,"Depicts the life of the titular former governor of Jakarta before he ran for office, Ahok learned a lot about discipline from his father who ran a mining business in Belitung while dealing with various corrupt people.","['Putrama Tuta', '| ', '    Stars:', 'Daniel Mananta, ', 'Kin Wah Chew, ', 'Eric Febrian, ', 'Denny Sumargo']",4326,Movie
Alive Inside: A Story of Music and Memory,2014,Not Rated,78 min,"Documentary, Music, News",8.2,"Dan Cohen, founder of the nonprofit organization Music & Memory, fights against a broken healthcare system to demonstrate music's ability to combat memory loss and restore a deep sense of self to those suffering from it.","['Michael Rossato-Bennett', '| ', '    Stars:', 'Dan Cohen, ', 'Louise Dueno, ', 'Nell Hardie, ', 'Norman Hardie']",3146,Movie
Dancing with the Birds,2019,Unknown,52 min,Documentary,8.2,"From ruffling their majestic feathers to nailing im-peck-able courtship routines, birds in paradise flaunt their best moves in hopes of landing a mate.","['Huw Cordey', '| ', '    Star:', 'Stephen Fry']",2395,Movie
A Place Further Than the Universe,2018,Unknown,23 min,"Animation, Adventure, Comedy",8.2,"Mari Tamaki is in her second year of high school and wants to start something. It's then that she meets Shirase, a girl with few friends who's considered weirdo by the rest of the class and...                See full summary »","['Inori Minase, ', 'Kana Hanazawa, ', 'Yuka Iguchi, ', 'Saori Hayami']",2283,Movie
McCullin,2012,Unknown,91 min,Documentary,8.2,"To many, Don McCullin is the greatest living war photographer, often cited as an inspiration for today's photojournalists. For the first time, McCullin speaks candidly about his ...                See full summary »","['David Morris, ', 'Jacqui Morris', '| ', '    Stars:', 'Harold Evans, ', 'Don McCullin, ', 'Michael Parkinson, ', 'Sue Ryder']",2238,Movie
India's Daughter,2015,Unknown,63 min,"Documentary, Biography, Crime",8.2,"The life and death of Jyoti Singh, an Indian medical student whose violation and murder by gang rapists exposed the violent misogyny of Indian society.","['Leslee Udwin', '| ', '    Stars:', 'Asha Devi, ', 'Badri Singh, ', 'Satendra, ', 'Mukesh Singh']",2127,Movie
My Country: The New Age,2019,Unknown,80 min,"Action, Drama, History",8.2,"Set during the end of the Goryeo period to the early Joseon period. Two friends aim their swords against one another due to differences in opinion about \"my country.\"","['Yang Se-Jong, ', 'Woo Do-Hwan, ', 'Jang Hyuk, ', 'Seol-Hyun Kim']",1961,Movie
18 Again,2020,Unknown,70 min,"Comedy, Drama, Fantasy",8.2,A 37-year-old man on the verge of being divorced from his wife suddenly finds himself inside his 18-year-old body. He starts living a new life under a new name to get closer to his children and protect them.,"['Ha-neul Kim, ', 'Yoon Sang-Hyun, ', 'Lee Do-Hyun, ', 'No Jeong-ee']",1889,Movie
Blood Brother,2013,Not Rated,92 min,Documentary,8.2,Documentarian visits best friend in India to see the mutual unconditional love that keeps his buddy bonded to a village hostel housing AIDS-afflicted children.,"['Steve Hoover', '| ', '    Stars:', 'Rocky Braat, ', 'Steve Hoover, ', 'Anitha, ', 'Devi']",1641,Movie
Defendant,2017,Unknown,70 min,"Crime, Drama, Mystery",8.2,"Park Jeong Woo is a prosecutor at Seoul Central District Prosecutors' Office. One day, he wakes up and finds himself a convict on death row. Suffering from temporary amnesia, Jeong Woo has ...                See full summary »","['Seong Ji, ', 'Ki-joon Uhm, ', 'Jo Jae-yoon, ', 'Rin-Ah Shin']",1553,Movie
The King's Avatar,2019,Unknown,45 min,"Action, Adventure",8.2,"Ye Xiu (Yang Yang) is a well known top tier player in an online game Glory. After forcefully expelled out of his professional team, he was employed in an Internet Cafe as an odd-job worker.","['Yang Yang, ', 'Shuying Jiang, ', 'Daisy Li, ', 'Leon Lai Yi']",1191,Movie
Go Back Couple,2017,Unknown,70 min,"Drama, Fantasy, Romance",8.2,"Having married young, when frustration with their lives make Choi Ban Doo and Ma Jin Joo regret their marriage of 18 years, a strange occurrence has them traveling back in time to the day before they met and into their younger selves.","['Jang Na-ra, ', 'Ho Joon Son, ', 'Jang Ki-Yong, ', 'Jeong-min Heo']",1132,Movie
Stewart Lee: 41st Best Stand-Up Ever!,2008,Unknown,80 min,Comedy,8.2,"An extended version of sardonic Stewart Lee's acclaimed 2007 Edinburgh show, prompted by his ranking in a Channel 4 run-down.","['Michael Cumming', '| ', '    Star:', 'Stewart Lee']",612,Movie
Father Is Strange,2017,Unknown,66 min,"Comedy, Drama, Family",8.2,"Ahn Joong-Hee (Lee Joon) is an actor who used to be a member of an idol group. One day, he appears in front of a family who consists Byun Han-Soo and Na Young-Sil and their 4 children ...                See full summary »","['Yeong-cheol Kim, ', 'Kim Hae-sook, ', 'Yu-ri Lee, ', 'Soo-young Ryu']",558,Movie
Tree with Deep Roots,2011,Not Rated,Unknown,"Drama, History",8.2,"A series of murders occurred during the reign of King Sejong. As Kang Chae Yoon who is investigating these cases gets closer to the root of the truth, he finds himself embroiled in a ...                See full summary »","['Ahn Suk-hwan, ', 'Yeo Jin-gu, ', 'Lee Soo-hyuk, ', 'Cho Jin-woong']",513,Movie
Di-eo Ma-i Peu-ren-jeu,2016,Unknown,70 min,"Comedy, Drama",8.2,"Depict the life story of the ones in their twilight years, who raise their voices as \"It's not over. We're still alive\".","['Hyun-Jung Go, ', 'Youn Yuh-jung, ', 'Hye-ja Kim, ', 'Kim Young-ok']",393,Movie
Julie's Greenroom,2017,Unknown,27 min,"Comedy, Family, Musical",8.2,Ms. Julie (Dame Julie Andrews) teaches performing arts workshops to a group of puppet children and a duck with the help of her assistant Gus (Giullian Yao Gioiello) and celebrity guests at her Wellspring Center for the Performing Arts.,"['Julie Andrews, ', 'Giullian Yao Gioiello, ', \"Stephanie D'Abruzzo, \", 'John Tartaglia']",331,Movie
Small Shots,2017,Unknown,Unknown,Comedy,8.2,Short episode series about two actors trying to break through in Hollywood.,"['Joseph Russo, ', 'Jeremy Luke, ', 'Caitlin Thompson, ', 'DJ Lubel']",125,Movie
Hotel Del Luna,2019,Unknown,92 min,"Action, Comedy, Drama",8.2,"Man Wol wonders if Chan Seong is really Go Chung Myung, and if he is, what choice she must make. The hotel's lights go out.","['Choong Hwan Oh', '| ', '    Stars:', 'Ji-eun Lee, ', 'Yeo Jin-gu, ', 'Shin Jeong-geun, ', 'Bae Hae-sun']",107,Movie
Roll with Me,2017,Unknown,90 min,Documentary,8.2,"After hitting rock-bottom, a newly sober paraplegic attempts to save his gang-banger nephew's life by bringing him along on a 3,100-mile wheelchair trek across the United States.","['Lisa France', '| ', '    Stars:', 'Gabriel Cordell, ', 'Christopher Kawas, ', 'Lisa France, ', 'J.A. Streeter']",99,Movie
Luo Bao Bei,2018,Unknown,Unknown,Animation,8.2,The story is about a 7-year-old Luo Bao Bei as she navigates childhood and the world around her. Fantasy and dreams add elements of surrealism.,"['Hana Burnett, ', 'Gok Wan, ', 'Ching-He Huang, ', 'David Yip']",37,Movie
Pit Sawat,2016,Unknown,Unknown,"Drama, Fantasy, History",8.2,"In ancient Thailand a war breaks out between the Thais and the Burmese. When defeat became imminent for the Thais, a warrior kills his wife and curses her soul to be the protector of all ...                See full summary »","['Nawat Kulrattanarak, ', 'Woranuch BhiromBhakdi, ', 'Phutharit Prombandal']",35,Movie
Tsunami Killed My Bandmates,2020,Unknown,93 min,"Documentary, Drama",8.2,"Film Based on the 2018 Banten Tsunami and a 55-Hour Footage. About friendship, struggle, separation and giving up loved ones. Docudrama of Seventeen's journey, career and calamities.","['Upie Guava', '| ', '    Stars:', 'Riefian Fajarsyah, ', 'Herman Sikumbang, ', 'M. Awal Purbani, ', 'W. Andi Darmawan']",25,Movie
The World's Oddest Animal Couples,2016,Unknown,Unknown,Documentary,8.2,"Hosted by Dr. Carin Bondar, this series explores the unique and extraordinary friendships that form in unlikely places. Bondar travels the globe in search of people and animals with astonishing connections.",['Carin Bondar'],25,Movie
Die Goldene Kamera 2017,2017,Unknown,145 min,Unknown,8.2,The Golden Camera 2017.,"['Ladislaus Kiraly, ', 'Thomas Hermanns', '| ', '    Stars:', 'Steven Gätjen, ', 'James Blunt, ', 'Leonard Carow, ', 'Geraldine Chaplin']",22,Movie
Secret Unrequited Love,2019,Unknown,Unknown,Romance,8.2,"Mayu and Takuma are childhood friends. At age 8, they learn that Takuma will die from terminal illness before he turns 20. Even so, the two grow older and fall in love. Eventually, new people will enter into their lives..","['Honoka Miki, ', 'Katsuhisa Namase, ', 'Riko Fukumoto, ', 'Fumika Baba']",21,Movie
"1994: Poder, Rebeldía y Crimen en México",2019,Unknown,Unknown,Documentary,8.2,"1994 looks at a convoluted period in recent Mexican history, including the assassination of Luis Donaldo Colosio, the raising of the Zapatist Liberation Army, and the end of the rule of Carlos Salinas.",[],21,Movie
The Deadly Affair,2022,Unknown,Unknown,"Mystery, Romance, Thriller",8.2,"Love, death, revenge and redemption.","['Jirayu Tangsrisuk, ', 'Yeena Salas, ', 'Pilaiporn Supinchompoo, ', 'Thidarut Pruethong']",17,Movie
Drug Squad: Costa del Sol,2019,Unknown,Unknown,"Action, Drama, Romance",8.2,Add a Plot,"['Fernando Bassi', '| ', '    Stars:', 'Hugo Silva, ', 'Álvaro Cervantes, ', 'Miki Esparbé, ', 'Jesús Castro']",14,Movie
Requiem for the American Dream,2015,Not Rated,73 min,"Documentary, Biography, News",8.1,Renowned academic and author Noam Chomsky elucidates 10 principles of concentration of wealth and power that have led to unprecedented inequality and the hollowing out of the American middle class.,"['Peter D. Hutchison, ', 'Kelly Nyks, ', 'Jared P. Scott', '| ', '    Stars:', 'Noam Chomsky, ', 'Alan Greenspan, ', 'Malcolm X, ', 'Richard Nixon']",9838,Movie
Hotel Del Luna,2019,Unknown,80 min,"Action, Comedy, Drama",8.1,"When he's invited to manage a hotel for dead souls, an elite hotelier gets to know the establishment's ancient owner and her strange world.","['Ji-eun Lee, ', 'Yeo Jin-gu, ', 'Shin Jeong-geun, ', 'Bae Hae-sun']",9013,Movie
Vagabond,2019,Unknown,60 min,"Action, Mystery, Thriller",8.1,An ordinary man who comes across surprising circumstances that place him in the center of a huge corruption scandal.,"['Lee Seung-gi, ', 'Bae Suzy, ', 'Moon Jeong-Hee, ', 'Yun-shik Baek']",8368,Movie
Nayattu,2021,Unknown,124 min,"Crime, Thriller",8.1,"Three police officers who are on a run for life, escaping the outbreak against them due to the unlawful arrest and torture of a civilian. It brings in a few shades of arrogant yet very much human police officers and their helplessness.","['Martin Prakkat', '| ', '    Stars:', 'Kunchacko Boban, ', 'Joju George, ', 'Nimisha Sajayan, ', 'Jaffer Idukki']",7255,Movie
Something in the Rain,2018,Unknown,75 min,"Drama, Romance",8.1,"Yoon Jin Ah is a woman in her mid-30s who doesn't know yet what it's like to date a man. She's been dumped by a man many times because of her clumsy, reckless and foolish behavior. And ...                See full summary »","['Son Ye-jin, ', 'Jung Hae-In, ', 'Joo Min-Kyung, ', 'Kim Chang-wan']",6434,Movie
Fight for My Way,2017,Unknown,70 min,"Comedy, Romance",8.1,"Ko Dong Man, a high school Taekwondo champion who is now pursuing a career in the UFC, and Choi Ae Ra, a dynamic girl whose desire is to become a famous announcer, have been best friends ...                See full summary »","['Park Seo-joon, ', 'Kim Ji-Won, ', 'Jae-hong Ahn, ', 'Song Ha-Yoon']",6422,Movie
Because This Is My First Life,2017,Unknown,70 min,"Comedy, Drama, Romance",8.1,"Ji Ho is a single woman. She's a writing assistant of dramas. She's a strong and determined woman. Unfortunately, she has to leave her house and seeks other place to live. Her friends help her to find a roommate. That roommate is Se Hee.","['Jung So-Min, ', 'Lee Min-ki, ', 'Esom, ', 'Byeong-eun Park']",4952,Movie
Bobby Robson: More Than a Manager,2018,Unknown,104 min,"Documentary, Sport",8.1,"The definitive portrait of the late English football manager Sir Bobby Robson, one of the game's most inspirational and influential figures, whose legacy lives on far beyond the football field.","['Gabriel Clarke, ', 'Torquil Jones', '| ', '    Stars:', 'José Mourinho, ', 'Gary Lineker, ', 'Pep Guardiola, ', 'Ronaldo']",3107,Movie
Cooked,2016,Unknown,60 min,Documentary,8.1,"As he tries his hand at baking, brewing and braising, acclaimed food writer Michael Pollan explores how cooking transforms food and shapes our world.","['Michael Pollan, ', 'Samin Nosrat, ', 'Isaac Pollan']",3002,Movie
Rookie Historian Goo Hae-Ryung,2019,Unknown,35 min,"Comedy, Drama, History",8.1,"Set in the early 19th century. Goo Hae Ryung works as a historian. Female historians like Goo Hae Ryung are generally looked down upon because of their gender. Yet, Goo Hae Ryung fulfills ...                See full summary »","['Shin Se-Kyung, ', 'Cha Eun-Woo, ', 'Ji-Hoon Lee, ', 'Gi-woong Park']",2152,Movie
Samurai Gourmet,2017,Unknown,20 min,"Adventure, Comedy",8.1,"A 60 year old retired salary-man finds new purpose in exploring the food of his neighborhood. Aided by his fantasy companion, a samurai who inspires him to boldly experience this new chapter of his life.","['Naoto Takenaka, ', 'Tetsuji Tamayama, ', 'Honami Suzuki, ', 'Hiroki Ikehara']",2123,Movie
Monty Python: Almost the Truth - The Lawyer's Cut,2009,Unknown,54 min,"Documentary, Biography",8.1,A documentary on the history on British comedy group Monty Python. Features interviews with the five surviving members plus other comedians and artists whose careers they have influenced.,"['Eric Idle, ', 'John Cleese, ', 'Michael Palin, ', 'Terry Gilliam']",1783,Movie
Rising Phoenix,2020,PG-13,105 min,"Documentary, Sport",8.1,"The history and current standing of the Paralympic Games, which has grown to become the world's third largest sporting event.","['Ian Bonhôte, ', 'Peter Ettedgui', '| ', '    Stars:', 'Jean-Baptiste Alaize, ', 'Ryley Batt, ', 'Ellie Cole, ', 'Philip Craven']",1704,Movie
Parrot Sketch Not Included: Twenty Years of Monty Python,1989,Not Rated,72 min,Comedy,8.1,Sketches from Monty Python's Flying Circus (1969).,"['Ian MacNaughton', '| ', '    Stars:', 'Steve Martin, ', 'Graham Chapman, ', 'John Cleese, ', 'Terry Gilliam']",1535,Movie
Doctor John,2019,Unknown,35 min,"Drama, Mystery, Romance",8.1,"In a refreshing take on the genre, \"Doctor John\" will portray the doctors' search for the cause of their patients' mysterious pain as a thrilling chase, almost like a detective hunting down the perpetrator behind an unsolved crime.","['Seong Ji, ', 'Se-yeong Lee, ', 'Hwang Hee, ', 'Min-a Jeong']",1471,Movie
Designated Survivor: 60 Days,2019,Unknown,70 min,"Drama, Thriller",8.1,"When the National Assembly suffers a catastrophic attack, Minister of Environment Park Mu Jin must find a way to lead Korea through the ensuing chaos.","['Jin-hee Ji, ', 'Joon-ho Huh, ', 'Kang Han-na, ', 'Lee Joon-hyuk']",1326,Movie
My Love Mix-Up!,2021,Unknown,30 min,"Comedy, Romance",8.1,"Aoki thinks the girl he's in love with likes another boy, who thinks Aoki has feelings for him. Why does first love always have to be so complicated?","['Shunsuke Michieda, ', 'Ren Meguro, ', 'Riko Fukumoto, ', 'Jin Suzuki']",951,Movie
Melloga Chejil,2019,Unknown,65 min,"Comedy, Romance",8.1,"A romantic comedy that depicts the daily lives of 30-year-old best friends Lim Jin Joo, Lee Eun Jung and Hwang Han Joo.","['Woo-hee Chun, ', 'Jeon Yeo-bin, ', 'Han Ji-Eun, ', 'Jae-hong Ahn']",664,Movie
Reset,2022,Unknown,45 min,"Drama, Sci-Fi, Thriller",8.1,"A video game architect and a college girl's life are keep being reset after encountering a bus-bomb explosion. During each reset, they worked together with the police to find the truth and try to save the innocent people.","['Tao Liu, ', 'Jingting Bai, ', 'Jinmai Zhao, ', 'Jue Huang']",619,Movie
Glass Onion: A Knives Out Mystery,2022,PG-13,139 min,"Crime, Drama, Mystery",8.1,Famed Southern detective Benoit Blanc travels to Greece for his latest case.,"['Rian Johnson', '| ', '    Stars:', 'Daniel Craig, ', 'Edward Norton, ', 'Kate Hudson, ', 'Dave Bautista']",548,Movie
Glass Onion: A Knives Out Mystery,2022,PG-13,139 min,"Crime, Drama, Mystery",8.1,Famed Southern detective Benoit Blanc travels to Greece for his latest case.,"['Rian Johnson', '| ', '    Stars:', 'Daniel Craig, ', 'Edward Norton, ', 'Kate Hudson, ', 'Dave Bautista']",547,Movie
Joanna Lumley's Silk Road Adventure,2018,Unknown,45 min,Documentary,8.1,"This epic new four-part series is Joanna Lumley's grandest and most challenging journey yet, a breath-taking odyssey from Venice to the Chinese border along the veins of the ancient Silk ...                See full summary »",['Joanna Lumley'],298,Movie
Tim Minchin So F**king Rock,2008,Not Rated,127 min,"Comedy, Music",8.1,"Performing material from his \"So Rock\" and \"Dark Side\" albums, ranging from sharply critical, to lighthearted, to sweet, Minchin shows off his skills as a musician, comedian and social critic in this hilarious two hour live show.","['Matt Askem', '| ', '    Star:', 'Tim Minchin']",297,Movie
Hotel Del Luna,2019,Unknown,76 min,"Action, Comedy, Drama",8.1,Yoo Na has a nasty run-in with one of Ma Go Shin's faces. Chan Seong and Man Wol track down the ghost who escaped from Room 13.,"['Choong Hwan Oh', '| ', '    Stars:', 'Ji-eun Lee, ', 'Yeo Jin-gu, ', 'Shin Jeong-geun, ', 'Bae Hae-sun']",106,Movie
Ugly Duckling Series: Don't,2015,Unknown,50 min,"Drama, Romance",8.1,"After confessing her love in elementary school to her crush, Maewnam is literally crushed when he rejects her in front of all his friends. He calls her ugly and it's at that moment that she...                See full summary »","['Korapat Kirdpan, ', 'Puttichai Kasetsin, ', 'Jirakit Thawornwong, ', 'Wiraporn Jiravechsoontornkul']",94,Movie
"A Decade of Decadence, Pt. 2: Legacy of Dreams",2013,PG-13,65 min,Documentary,8.1,"A inside look at the making of, A Tiger in the Dark: The Decadence Saga: The Legacy Edition DVD. Featuring discussions with the cast, early animation tests, and never before seen artwork by Adam Haney.","['Drew Glick', '| ', '    Stars:', 'Gordon Auld, ', 'Howie Boulware Jr., ', 'Tod Boulware, ', 'Patrícia Faolli']",51,Movie
Moonbeams,2001,Not Rated,81 min,Drama,8.1,"Moonbeams is the coming of age story of Dave Parker (Peter Richard), a boy whose family is falling apart who seeks help by talking to the moon.","['Don Haderlein', '| ', '    Stars:', 'Janna Copley, ', 'Jason Dugre, ', 'Nancy Fassett, ', 'Merritt Gibbons']",10,Movie
Santa Clarita Diet: I Love Bodies,2018,Unknown,1 min,"Short, Comedy",8.1,Add a Plot,['Matt T. Sample'],9,Movie
